strain_task,test_roc_auc
WT,0.523
MT,0.5683
MCM,0.548
WTScer1448_EDCT,0.4939
WTSpom1645_EDCT,0.7615
pdryCG196_EDCT,0.556
pdryCG200_EDCT,0.7844
CLN2_EDCT,0.3333
HOG1_EDCT,0.5381
IRE1_EDCT,0.5495
MKK1_EDCT,0.7867
SLT2_EDCT,0.488
BCK1_EDCT,0.617
TOR1_EDCT,0.6068
NPR1_EDCT,0.6343
KSP1_EDCT,0.6093
FMP48_EDCT,0.5455
TOR2_EDCT,0.5573
RIO1_EDCT,0.6576
RIO2_EDCT,0.6316
NNK1_EDCT,0.5928
WTScer1450_ED_FICT,0.5467
WTScer1448_ED_FODCT,0.7778
WTSpom1645_ED_FODCT,0.6667
pdryCG196_ED_FODCT,0.6921
pdryCG200_ED_FODCT,0.6444
CLN2_ED_FODCT,
HOG1_ED_FODCT,0.8679
IRE1_ED_FODCT,0.7949
MKK1_ED_FODCT,0.8241
SLT2_ED_FODCT,0.4553
BCK1_ED_FODCT,0.7037
TOR1_ED_FODCT,0.9815
NPR1_ED_FODCT,0.6067
KSP1_ED_FODCT,0.8173
FMP48_ED_FODCT,0.4627
TOR2_ED_FODCT,0.0741
RIO2_ED_FODCT,0.2222
NNK1_ED_FODCT,0.6605
BW25113_Ecoli_FO12_5,0.7825
MG1655_Ecoli_FO12_5,0.7159
WT_het_dip_FO12_5,0.9259
WT_mata_FO12_5,0.5481
Sc_mata2uM_S12_9,0.725
Sc_hetdip2uM_S12_9,0.566
BW25113_Ecoli_S12_5,0.5959
MG1655_Ecoli_S12_5,0.3441
Sc_hdip2uM_F12_9,
Sc_mata2uM_F12_9,0.8039
BW25113_F27_9,0.7
MG1655_F27_9,0.6378
n3B1wG418_F,0.6139
n3B1noG418_F,0.6286
n3B1wG418_S,
n3B1noG418_S,0.6148
MT1181-1st,
MT2221-1st,
MT1448,0.5802
TOP1,0.6875
CNB1,0.5741
TEP1,0.5
Gas1,0.5867
Smi1,0.5625
GAS1,0.7731
Ypt6,0.5923
Ric1,0.6753
MT2481,0.5804
MT2481-24hours,0.6
PPH21,0.4727
MT2481-Camptothecin,0.6786
MT2481-Cantharidin,0.5779
MT2481-cyclosporine,0.4667
MT2481-Fenbendazole,0.7105
WT-Ciclosporin,0.4741
WT-CAMP,0.5238
WT-Fen,0.4412
But18,0.575
But24,0.5119
Peu18,0.75
CHRA18,0.5
Leo18h,0.5667
CHRA24,0.5
Leo24h,0.625
Cin2_16hrs,0.42
Cin2_18hrs,0.5294
Cin2_20hrs,0.5833
Cin2_22hrs,0.5769
Alg12,0.4167
ARP6-18,0.71
ARP6-20,0.5778
CIN8-18,0.4211
CIN8-20,0.6087
CLA4-18,0.5167
CLA4-20,0.5222
CLA4-22,0.6214
CTF4-16,0.5294
CTF4-18,0.6275
CTF4-20,0.6758
CTF4-22,0.8333
GIM5-18,0.4625
GIM5-20,0.6944
GIM5-22,0.5278
SLT2-18,0.5786
SLT2-20,0.679
SLT2-22,0.7133
KRE1-18,0.873
POL32-18,0.25
DEP1-18,0.619
ESC1-18,0.75
HOC1-18,0.6364
LGE1-19,0.4783
MRC1-18,0.4783
NUM1-18,0.1786
SAP30-18,0.4783
DUN1-18,
YHR087W-18,0.4762
Rot2-18,0.5545
Gim3-18,0.5
Pac10-18,0.3587
Swe1-18,0.5364
shm2-21,0.5417
cin2-18,0.5652
MT1448sspH-24,
MT1448sspH-48,
MT1448sspH-45,
WTScer1448_EDBA,0.5676
pdryCG200_EDBA,0.825
WTScer1448log_EDBA,0.6613
pdryCG196log_EDBA,0.7381
CLN2_EDBA,0.5747
HOG1_EDBA,0.4872
IRE1_EDBA,0.8824
MKK1_EDBA,0.8922
SLT2_EDBA,0.6381
BCK1_EDBA,0.7525
TOR1_EDBA,0.6786
NPR1_EDBA,0.6465
KSP1_EDBA,0.5758
FMP48_EDBA,0.6061
TOR2_EDBA,0.6618
RIO1_EDBA,0.7941
pdryCG196_EDBA,0.275
WTSpom1645_EDBA,0.6
WTScer1448_FODBA,0.5375
pdryCG196_FODBA,0.5657
WTScer1448log_FODBA,0.4514
pdryCG200_FODBA,0.498
pdryCG196log_FODBA,0.575
CLN2_FODBA,0.632
HOG1_FODBA,0.5857
IRE1_FODBA,0.6929
MKK1_FODBA,0.7722
SLT2_FODBA,0.6778
BCK1_FODBA,0.6971
TOR1_FODBA,0.4706
NPR1_FODBA,0.5023
KSP1_FODBA,0.4211
FMP48_FODBA,0.5441
TOR2_FODBA,
RIO1_FODBA,
RIO2_FODBA,
NNK1_FODBA,0.4079
WTScer1450_FODBA,
Tor1_GFP_BA,0.7581
WtandRap_BA,
WT-TB50_BA,0.6143
Tor2_GF_BA,0.6037
HRR25_he_BA,0.697
RAD53_he_BA,0.6667
CDC28_he_BA,0.7563
PHO85_he_BA,0.739
SNF1_he_BA,0.7563
KSS1_he_BA,0.7323
ELM1_BA,0.6959
DBF2_BA,0.8295
MCK1_BA,0.7074
HSL1_BA,0.5938
FAB1_BA,0.6591
YCK3_BA,0.6875
PFK27_BA,0.7101
DAK1_BA,0.684
PRR2_BA,0.6364
GLC7_BA,0.7742
FAR1_BA,0.8039
YNK1_BA,0.7229
CKI1_BA,0.7159
PFK2_BA,0.8182
ARK1_BA,0.7589
CKA2_BA,0.9194
WtandRap_F_BA,
Tor1_GFP_F_BA,0.5758
WT-TB50_F_BA,0.4412
Tor2_GFP_F_BA,0.62
HRR25_het_F_BA,
RAD53_het_F_BA,0.4079
CDC28_het_F_BA,
PHO85_het_F_BA,0.4872
KSS1_het_F_BA,
SNF1_het_F_BA,
ELM1_F_BA,0.7412
DBF2_F_BA,0.8281
MCK1_F_BA,0.6816
HSL1_F_BA,0.05
FAB1_F_BA,0.6562
PFK27_F_BA,0.6597
DAK1_F_BA,0.4342
PRR2_F_BA,0.1571
GLC7_F_BA,
FAR1_F_BA,0.7027
YNK1_F_BA,0.1026
CKI1_F_BA,0.5
PFK2_F_BA,0.5877
ARK1_F_BA,0.5789
CAK1_FO12_5,
CDC14_FO12_5,
TSCII_FO12_5,
AVO1_FO12_5,
CDC15_FO12_5,0.4872
SDS22_FO12_5,
CDC5_FO12_5,
FCP1_FO12_5,0.3421
SSU72_FO12_5,
CBK1_FO12_5,0.1053
J_WT_Gal_FO12_5,0.7706
J_WT_Gluc_FO12_5,0.4595
SCD5_FO12_5,0.0811
CCL1_FO12_5,0.275
IPL1_FO12_5,0.025
LST8_FO12_5,0.1974
PKC1_FO12_5,0.05
CKS1_FO12_5,
MEC1_FO12_5,
CDC28_FO12_5,0.0476
CDC7_FO12_5,0.025
MPS1_FO12_5,
DBF4_FO12_5,0.2027
KIN28_FO12_5,
YPI1_FO12_5,0.027
SLN1_FO12_5,
Joanna_FO12_5,0.5714
PBS2_FO12_5,0.0789
ADK1_FO12_5,0.0256
DUN1_FO12_5,0.3958
cdc4_FO12_5,
ISR1_FO12_5,0.3205
DBF20_FO12_5,0.0732
cdc34_FO12_5,
cdc53_FO12_5,
WT_hetdip_FO12_5,
WT_pombe_FO12_5,0.5457
SCH9_S12_9,0.6553
ILV3_S12_9,0.7714
SFP1_S12_9,0.8578
SFP1_F12_9,0.3514
SCH9_F12_9,0.6371
ILV3_F12_9,0.1
Sc_mata_F12_9,0.4471
Sc_mata_S12_9,0.72
BW25113_S27_9,0.5143
MG1655_S27_9,0.2432
CLN2_ED,
MKK1_ED,
HOG1_ED,
SLT2_ED,
IRE1_ED,
BCK1_ED,
WTcer_EDCT,
pdr_yCG196_EDCT,
SLT2_FINOD,
HOG1_FINOD,
CLN2_FINOD,
BCK1_FINOD,
MKK1_FINOD,
WTcer_FINOD,
pdr_yCG196_FINOD,
TOR1_S12_9,
NPR1_S12_9,
